<?xml version="1.0" encoding="UTF-8" ?>

<!DOCTYPE mapper PUBLIC "-//mybatis.org//DTD Mapper 3.0//EN" "http://mybatis.org/dtd/mybatis-3-mapper.dtd"> 
	
<!--여러 도메인을 위한 쿼리 xml를 작성할 때  도메인을 식별하기 위해 
    namespace 부여 
=> sqlSession.쿼리메서드("식별자", paramdata);
    식별자 =>  namespace.id
  ex)sqlSession.insert("member.insert", member);    
  ex)sqlSession.selectOne("member.search", no);    
-->	
<mapper namespace="com.ssafy.model.dao.BoardDAO">
   <!--
      insert나 update에 대한 데이타 설정시 버그가 발생하므로 
      문제를 해결하기 위해 데이타 설정시 #{속성:JDBCType} 으로 한다. 
    org.apache.ibatis.type.JdbcType에서 확인
      문자열 VARCHAR
      정수   INTEGER
      실수   DOUBLE
	-->
	
	 
   <select id="search"			parameterType="string"		resultType="board">
   		select * 
   		from board_q
   		where bno=#{bno}
   </select>
   
   <select id="searchAll"		parameterType="string"		resultType="board">
   		select * 
   		from board_q
   		where sno = #{sno}
   </select>
   
   <select id="searchBoard" parameterType="java.util.Map"	resultType="board">
    	select * from board_q
	    <where>
	        <if test='keyword != null'>
	            <choose>
	                <when test="keyword == 'uid'">
	                    uid like concat('%',#{name},'%')
	                </when>
	                <when test="keyword == 'title'">
	                    title like concat('%',#{name},'%')
	                </when>
	                <when test="keyword == 'contents'">
	                    contents like concat('%',#{name},'%')
	                </when>
	            </choose>
	        </if>
	    </where>
	</select>
   
   <insert id="insertBoard"		parameterType="board">
   		insert into board_q (sno, title, contents, bregdate, hits, goods, uid) 
   		values (#{sno}, #{title}, #{contents}, now(), #{hits}, #{goods}, #{uid} )
   </insert>
   
   <update id="updateBoard"		parameterType="board">
   		update board_q 
   		set title = #{title},
   			contents = #{contents},
   			goods = #{goods},
   			hits = #{hits}
   		where bno = #{bno}
   </update>
   
   <update id="goodBoard"		parameterType="string">
   		update board_q
   		set goods = goods + 1
   		where bno = #{bno}
   </update>
   
   <update id="hitBoard"		parameterType="string">
   		update board_q
   		set hits = hits + 1
   		where bno = #{bno}
   </update>
   
   <delete id="deleteBoard"		parameterType="string">
   		delete from board_q where bno = #{bno}
   </delete>
   
</mapper>


