<?xml version="1.0" encoding="UTF-8" ?>

<!DOCTYPE mapper PUBLIC "-//mybatis.org//DTD Mapper 3.0//EN" "http://mybatis.org/dtd/mybatis-3-mapper.dtd">

<mapper namespace="com.ssafy.model.dao.FoodDAO">
	<select id="search" parameterType="int" resultType="food">
		select * from
		food where code=#{code}
		order by count desc
	</select>

	<select id="searchAll" resultType="food">
		select * from food
		<!-- 동적 쿼리시 조건에 의해 where 나 and를 붙여주는 태그 -->
		order by count desc
	</select>

	<select id="searchAllBean" resultType="food"	parameterType="pagebean">
		select * from food
		<where>
			<if test='key != null and key!="all"'>
				<if test=" word != null">
					<choose>
						<when test="key == 'name'">
							name like concat('%',#{word},'%')
						</when>
						<when test="key == 'maker'">
							maker like concat('%',#{word},'%')
						</when>
						<when test="key == 'material'">
							material like concat('%',#{word},'%')
						</when>
					</choose>
				</if>
			</if>
		</where>
		order by count desc
	</select>

	<select id="foodCount" resultType="int" parameterType="pagebean">
		select count(*) from food
		<where>
			<if test='key != null and key!="all"'>
				<if test=" word != null">
					<choose>
						<when test="key == 'name'">
							name like concat('%',#{word},'%')
						</when>
						<when test="key == 'maker'">
							maker like concat('%',#{word},'%')
						</when>
						<when test="key == 'material">
							material like concat('%',#{word},'%')
						</when>
					</choose>
				</if>
			</if>
		</where>
	</select>
	
	<select id="searchCharacter" resultType="int" parameterType="string">
		select code from food
		where name like concat('%', #{input}, '%')
		order by count desc
	</select>
	
	<select id="addCount" resultType="int">
		update food set count= count + 1
		where code = #{code}
	</select>
	
	<select id="freIngesFoodList" 						resultType="food">
   		select count(i.code) count, f.code, f.name, f.img, maker, calory
		from ingestion i
		left join food f
		using (code)
		group by code
		order by count desc limit 5;
   </select>
   
   <insert id="insertSelectFood"	parameterType="ingestion">
   		insert into selectfood (id, code, selectdate, quantity) 
   		values ( #{id}, #{code}, #{ingdate}, #{quantity} );
   </insert>
   
   <select id="selectSelectFood"	parameterType="string"	resultType="ingestion">
   		select code,no ino,name foodname, selectdate as ingdate, quantity, calory, allergy, img, material
		from selectfood
		left join food
		using (code)
		where id=#{id};
   </select>
   
   <select id="selectOneSelectFood"	parameterType="string"	resultType="ingestion">
   		select no ino, id, code, selectdate ingdate, quantity
		from selectfood
		where no=#{ino};
   </select>
   
   <update id="updateSelectFood" 	parameterType="ingestion">
   		update selectfood 
   		set date = #{ingdate},
   			quantity = #{quantity}
   		where ino = #{ino} 
   </update>
   
   <delete id="deleteSelectFood" 	parameterType="string">
   		delete from selectfood
   		where no = #{ino};
   </delete>
   
   <select id="searchNutrientS" parameterType="string" resultType="food">
   		select calory, carbo, protein, fat, sugar, natrium, chole, fattyacid, transfat
		from selectfood s
		join food f
		using (code)
		where id=#{id};
   </select>
</mapper>
























































	












