<?xml version="1.0" encoding="UTF-8" ?>

<!DOCTYPE mapper PUBLIC "-//mybatis.org//DTD Mapper 3.0//EN" "http://mybatis.org/dtd/mybatis-3-mapper.dtd">

<mapper namespace="com.ssafy.model.dao.IngestionDAO">
	<insert id="add"		parameterType="ingestion">
   		insert into ingestion (id, code, ingdate, quantity)
   		values ( #{id:VARCHAR}
   		        ,#{code:INTEGER}
   		        ,#{ingdate}
   		        ,#{quantity:INTEGER}
   		        )
   </insert>
   
   <delete id="remove" 		parameterType="integer">
   		delete from ingestion where ino=#{ino}
   </delete>
   
   <update id="update"		parameterType="ingestion">
   		update ingestion 
   		set ingdate = #{ingdate:VARCHAR}
		   	,quantity = #{quantity:INTEGER}
   		where ino=#{ino:INTEGER}
   </update>
   
   <select id="search"		 parameterType="string"    resultType="ingestion">
   		select * from ingestion  where ino=#{ino}
   </select>
   
   <select id="searchAll"	parameterType="string"	resultType="ingestion">
   		select ino, id, code, ingdate, quantity
			, f.name as foodName
			, f.material as material
			, f.allergy
			 ,f.img as img
			<!-- dto에 없어서 현재는 사용 안됨. 현재 이미지 경로는 임의설정함 -->
            <!--,calory -->
		from ingestion join food f using (code)
		where id=#{id}
		order by ingdate desc;
   </select>
   
   <select id="searchNutrient" parameterType="string" resultType="food">
   		select calory, carbo, protein, fat, sugar, natrium, chole, fattyacid, transfat, material
		from ingestion i
		join food f
		using (code)
		where id=#{id};
   </select>
   
   <select id="searchNutrientD" parameterType="string" resultType="food">
   		select calory, carbo, protein, fat, sugar, natrium, chole, fattyacid, transfat, material
		from ingestion i
		join food f
		using (code)
		where id=#{id} and year(ingdate) = year(now()) and month(ingdate) = month(now()) and day(ingdate) = day(now())
   </select>
   
   <select id="searchNutrientW" parameterType="string" resultType="food">
   		select calory, carbo, protein, fat, sugar, natrium, chole, fattyacid, transfat, material
		from ingestion i
		join food f
		using (code)
		where id=#{id} and year(ingdate) = year(now()) and month(ingdate) = month(now()) and week(now()) = week(ingdate)
   </select>
   
   <select id="searchNutrientM" parameterType="string" resultType="food">
   		select calory, carbo, protein, fat, sugar, natrium, chole, fattyacid, transfat, material
		from ingestion i
		join food f
		using (code)
		where id=#{id} and year(ingdate) = year(now()) and month(ingdate) = month(now());
   </select>
   
   
</mapper>
























































	












