<?xml version="1.0" encoding="UTF-8" ?>

<!DOCTYPE mapper PUBLIC "-//mybatis.org//DTD Mapper 3.0//EN" "http://mybatis.org/dtd/mybatis-3-mapper.dtd">

<!--여러 도메인을 위한 쿼리 xml를 작성할 때 도메인을 식별하기 위해 namespace 부여 => sqlSession.쿼리메서드("식별자", 
	paramdata); 식별자 => namespace.id ex)sqlSession.insert("member.insert", member); 
	ex)sqlSession.selectOne("member.search", no); -->
<mapper namespace="com.ssafy.model.dao.UserDAO">
	<!-- insert나 update에 대한 데이타 설정시 버그가 발생하므로 문제를 해결하기 위해 데이타 설정시 #{속성:JDBCType} 
		으로 한다. org.apache.ibatis.type.JdbcType에서 확인 문자열 VARCHAR 정수 INTEGER 실수 DOUBLE -->
	<insert id="add" parameterType="user">
		insert into user (id, password, name, address, email, phone, allergy)
		values ( #{id:VARCHAR}
		,#{password:VARCHAR}
		,#{name:VARCHAR}
		,#{address:VARCHAR}
		,#{email:VARCHAR}
		,#{phone:VARCHAR}
		,#{allergy:VARCHAR}
		)
	</insert>
	<delete id="remove" parameterType="string">
		delete from user where id=#{id}
	</delete>
	<update id="update" parameterType="user">
		update user set password = #{password:VARCHAR}
		, name = #{name:VARCHAR}
		, address = #{address:VARCHAR}
		, email = #{email:VARCHAR}
		, phone = #{phone:VARCHAR}
		, allergy = #{allergy:VARCHAR}
		, best_quiz_score = #{best_quiz_score:INTEGER}
		where id = #{id:VARCHAR}
	</update>

	<select id="search" parameterType="string" resultType="user">
		select * from user where id=#{id}
	</select>

	<select id="searchAll" resultType="user">
		select * from user
		order by id
	</select>

	<!-- 본 쿼리문은 quiz vue에서 실시간 점수 랭킹을 가져오기 위함 -->
	<select id="searchTop5" resultType="user">
		select * from user
		order by best_quiz_score desc
		limit 10
	</select>
</mapper>



























	












